{"eval/rouge-1": 14.96138, "eval/rouge-2": 1.69967, "eval/rouge-l": 6.48034, "eval/bleu-4": 1.1994500000000001, "eval/runtime": 17.2077, "eval/samples_per_second": 0.581, "eval/steps_per_second": 0.174, "train/global_step": 0, "_timestamp": 1706174144.3969371, "_runtime": 27.17640209197998, "_step": 1, "_wandb": {"runtime": 25}}