{"train/loss": 2.8063, "train/learning_rate": 0.0, "train/epoch": 8.38, "train/global_step": 3000, "_timestamp": 1705926874.2575362, "_runtime": 13574.0767121315, "_step": 301, "train/train_runtime": 13566.6725, "train/train_samples_per_second": 3.538, "train/train_steps_per_second": 0.221, "train/total_flos": 5.526884444012544e+17, "train/train_loss": 2.7221293029785154, "train_runtime": 13566.6725, "train_samples_per_second": 3.538, "train_steps_per_second": 0.221, "train_loss": 2.7221293029785154, "epoch": 8.38, "train_samples": 5725, "_wandb": {"runtime": 13568}}