{"train/loss": 2.7473, "train/learning_rate": 0.0, "train/epoch": 8.38, "train/global_step": 3000, "_timestamp": 1705951439.1717672, "_runtime": 13592.164068222046, "_step": 301, "train/train_runtime": 13587.7599, "train/train_samples_per_second": 3.533, "train/train_steps_per_second": 0.221, "train/total_flos": 5.526884444012544e+17, "train/train_loss": 2.789194666544596, "train_runtime": 13587.7599, "train_samples_per_second": 3.533, "train_steps_per_second": 0.221, "train_loss": 2.789194666544596, "epoch": 8.38, "train_samples": 5725, "_wandb": {"runtime": 13589}}