{"eval/rouge-1": 28.667385000000007, "eval/rouge-2": 11.639565, "eval/rouge-l": 22.436985, "eval/bleu-4": 10.856129999999997, "eval/runtime": 29.4267, "eval/samples_per_second": 0.68, "eval/steps_per_second": 0.17, "train/global_step": 0, "_timestamp": 1706969878.9610312, "_runtime": 88.95608329772949, "_step": 3, "predict_generations": {"_type": "table-file", "sha256": "d62a656354911322b1662500dc186ae6ae6d5bacab9f4da4267b578a694acb30", "size": 18377, "artifact_path": "wandb-client-artifact://21logdltti2r3i6jx2xt2flm2xmex43qarovhp7eg6748zs52vg3kpp4vg7acsl9ovyhkui3ngv3a1frgtew1hrtzx629b7mayuskq6tupec326ee0lb0z4228w9l60f:latest/predict_generations.table.json", "_latest_artifact_path": "wandb-client-artifact://21logdltti2r3i6jx2xt2flm2xmex43qarovhp7eg6748zs52vg3kpp4vg7acsl9ovyhkui3ngv3a1frgtew1hrtzx629b7mayuskq6tupec326ee0lb0z4228w9l60f:latest/predict_generations.table.json", "path": "media/table/predict_generations_3_d62a656354911322b166.table.json", "ncols": 3, "nrows": 10}, "_wandb": {"runtime": 84}}