{"acc": 0.9751569602815661, "loss": 0.09155846547226439, "_timestamp": 1705644686.7120364, "_runtime": 5.0631372928619385, "_step": 7, "_wandb": {"runtime": 1}}