{"train/loss": 2.8035, "train/learning_rate": 0.00023666666666666668, "train/epoch": 6.4, "train/global_step": 2290, "_timestamp": 1705905222.1197007, "_runtime": 10365.155777692795, "_step": 228, "_wandb": {"runtime": 10399}}