{"train/loss": 4.0916, "train/learning_rate": 0.000998, "train/epoch": 0.11, "train/global_step": 10, "_timestamp": 1705658239.6921055, "_runtime": 113.60068345069885, "_step": 0, "_wandb": {"runtime": 126}}