{"predict_metrics": {"predict_rouge-1": 21.296464285714286, "predict_rouge-2": 4.402078571428572, "predict_rouge-l": 13.7141, "predict_bleu-4": 4.823735714285716, "predict_runtime": 49.733, "predict_samples_per_second": 0.282, "predict_steps_per_second": 0.08, "predict_samples": 14}, "_timestamp": 1706066433.527224, "_runtime": 64.75420117378235, "_step": 1, "predict_generations": {"_type": "table-file", "sha256": "5c4266429248e35066af93b9a2ad693659c594bb0230f6019936596f8e3d983a", "size": 24330, "artifact_path": "wandb-client-artifact://2ljp2rd4ns2oel1mjgmgnts3hbu1empqcyg8htale9r96dwoc0j4v1irqh9v42cals3j4gbykvc4ur05wrir2ucifzap68germ1z0dbpyul5755amfq9brv7g967nckt:latest/predict_generations.table.json", "_latest_artifact_path": "wandb-client-artifact://2ljp2rd4ns2oel1mjgmgnts3hbu1empqcyg8htale9r96dwoc0j4v1irqh9v42cals3j4gbykvc4ur05wrir2ucifzap68germ1z0dbpyul5755amfq9brv7g967nckt:latest/predict_generations.table.json", "path": "media/table/predict_generations_1_5c4266429248e35066af.table.json", "ncols": 3, "nrows": 14}, "_wandb": {"runtime": 61}}