{"eval/rouge-1": 19.444239549839228, "eval/rouge-2": 4.224366559485531, "eval/rouge-l": 12.479053376205787, "eval/bleu-4": 4.686463022508039, "eval/runtime": 1328.958, "eval/samples_per_second": 0.237, "eval/steps_per_second": 0.059, "train/global_step": 0, "_timestamp": 1706878874.1321561, "_runtime": 1341.0924351215363, "_step": 1, "_wandb": {"runtime": 1339}}