{"train/loss": 2.8733, "train/learning_rate": 0.0, "train/epoch": 5.87, "train/global_step": 2100, "_timestamp": 1706192029.336035, "_runtime": 15516.585909128189, "_step": 211, "train/train_runtime": 15490.3738, "train/train_samples_per_second": 2.169, "train/train_steps_per_second": 0.136, "train/total_flos": 4.6401724335783936e+17, "train/train_loss": 2.988818075997489, "train_runtime": 15490.3738, "train_samples_per_second": 2.169, "train_steps_per_second": 0.136, "train_loss": 2.988818075997489, "epoch": 5.87, "train_samples": 5725, "_wandb": {"runtime": 15510}}