{"predict_metrics": {"predict_rouge-1": 18.847785714285717, "predict_rouge-2": 4.135292857142857, "predict_rouge-l": 11.600499999999998, "predict_bleu-4": 3.3925500000000004, "predict_runtime": 35.5965, "predict_samples_per_second": 0.393, "predict_steps_per_second": 0.112, "predict_samples": 14}, "_timestamp": 1706066145.7950616, "_runtime": 50.973716497421265, "_step": 1, "predict_generations": {"_type": "table-file", "sha256": "80cf4a4fa7afa42b0bb2c73d81d03fb7e8d8efc6004cc573a594ace84bd00390", "size": 28571, "artifact_path": "wandb-client-artifact://1y4lnug9qam3u1z2gh26gzims0izq0w68p5yphy7ste89ig5rnbt4bszq2e0nf4j53q6hqpqz0xu1vg8x98vwav8edxl1t7joglfqxto7zle6mk3s2ck893akk85l9o5:latest/predict_generations.table.json", "_latest_artifact_path": "wandb-client-artifact://1y4lnug9qam3u1z2gh26gzims0izq0w68p5yphy7ste89ig5rnbt4bszq2e0nf4j53q6hqpqz0xu1vg8x98vwav8edxl1t7joglfqxto7zle6mk3s2ck893akk85l9o5:latest/predict_generations.table.json", "path": "media/table/predict_generations_1_80cf4a4fa7afa42b0bb2.table.json", "ncols": 3, "nrows": 14}, "_wandb": {"runtime": 47}}