{
    "epoch": 5.87,
    "eval_bleu-4": 13.241035,
    "eval_rouge-1": 31.981550000000006,
    "eval_rouge-2": 15.403065000000002,
    "eval_rouge-l": 26.344164999999997,
    "eval_runtime": 71.0472,
    "eval_samples": 20,
    "eval_samples_per_second": 0.282,
    "eval_steps_per_second": 0.07,
    "predict_bleu-4": 11.73613,
    "predict_rouge-1": 31.262590000000007,
    "predict_rouge-2": 12.922580000000002,
    "predict_rouge-l": 26.123110000000004,
    "predict_runtime": 49.1929,
    "predict_samples": 10,
    "predict_samples_per_second": 0.203,
    "predict_steps_per_second": 0.061,
    "train_loss": 2.876919257754371,
    "train_runtime": 10852.3816,
    "train_samples": 5725,
    "train_samples_per_second": 3.096,
    "train_steps_per_second": 0.194
}