{
    "predict_bleu-4": 11.73613,
    "predict_rouge-1": 31.262590000000007,
    "predict_rouge-2": 12.922580000000002,
    "predict_rouge-l": 26.123110000000004,
    "predict_runtime": 49.1929,
    "predict_samples": 10,
    "predict_samples_per_second": 0.203,
    "predict_steps_per_second": 0.061
}