{"train/loss": 2.893, "train/learning_rate": 9.952380952380953e-05, "train/epoch": 0.03, "train/global_step": 10, "_timestamp": 1706881256.132277, "_runtime": 72.53477597236633, "_step": 0, "_wandb": {"runtime": 90}}