{"train/loss": 2.7854, "train/learning_rate": 0.0, "train/epoch": 5.87, "train/global_step": 2100, "_timestamp": 1706892300.9072099, "_runtime": 10868.750859975815, "_step": 211, "train/train_runtime": 10852.3816, "train/train_samples_per_second": 3.096, "train/train_steps_per_second": 0.194, "train/total_flos": 4.6401724335783936e+17, "train/train_loss": 2.876919257754371, "train_runtime": 10852.3816, "train_samples_per_second": 3.096, "train_steps_per_second": 0.194, "train_loss": 2.876919257754371, "epoch": 5.87, "train_samples": 5725, "_wandb": {"runtime": 10866}}