{"eval/rouge-1": 30.576189999999997, "eval/rouge-2": 15.224754999999998, "eval/rouge-l": 25.922555, "eval/bleu-4": 14.789255, "eval/runtime": 33.8976, "eval/samples_per_second": 0.59, "eval/steps_per_second": 0.148, "train/global_step": 0, "_timestamp": 1706971583.7412696, "_runtime": 82.27227568626404, "_step": 3, "predict_generations": {"_type": "table-file", "sha256": "b42327e56cc212950cfd5f18bdf3b73989f6a176b567e043f3992c02384e28b4", "size": 25782, "artifact_path": "wandb-client-artifact://sg1jk8zm1dt6aqb3c80z8xx4dqdij3x6fdpwvjpgvo6c3mf0eykt0181080iytqwtzjdy8q7gkujb51f4zzco9du230swyl8u81gt0q4r6tciqvrz8ckf6xth4t2mlh9:latest/predict_generations.table.json", "_latest_artifact_path": "wandb-client-artifact://sg1jk8zm1dt6aqb3c80z8xx4dqdij3x6fdpwvjpgvo6c3mf0eykt0181080iytqwtzjdy8q7gkujb51f4zzco9du230swyl8u81gt0q4r6tciqvrz8ckf6xth4t2mlh9:latest/predict_generations.table.json", "path": "media/table/predict_generations_3_b42327e56cc212950cfd.table.json", "ncols": 3, "nrows": 10}, "_wandb": {"runtime": 75}}