{"train/loss": 7.0765, "train/learning_rate": 0.0, "train/epoch": 8.38, "train/global_step": 3000, "_timestamp": 1705857120.9631326, "_runtime": 13513.60814166069, "_step": 300, "train/train_runtime": 13509.8149, "train/train_samples_per_second": 3.553, "train/train_steps_per_second": 0.222, "train/total_flos": 5.526884444012544e+17, "train/train_loss": 4.739414810180664, "_wandb": {"runtime": 13511}}