{"train/loss": 1.5052, "train/learning_rate": 9.966666666666667e-05, "train/epoch": 6.4, "train/global_step": 10, "_timestamp": 1705989243.4613426, "_runtime": 24.017183542251587, "_step": 0}