{"train/loss": 2.6712, "train/learning_rate": 0.00076, "train/epoch": 3.35, "train/global_step": 1200, "_timestamp": 1705663698.5032868, "_runtime": 5395.2983248233795, "_step": 119}