{"train/loss": 4.3238, "train/learning_rate": 9.7e-05, "train/epoch": 1.01, "train/global_step": 90, "_timestamp": 1705656788.8493953, "_runtime": 644.8574523925781, "_step": 8, "_wandb": {"runtime": 688}}