{"eval/rouge-1": 12.922590000000003, "eval/rouge-2": 0.0, "eval/rouge-l": 9.66892, "eval/bleu-4": 1.25426, "eval/runtime": 6.3794, "eval/samples_per_second": 1.568, "eval/steps_per_second": 0.47, "train/global_step": 0, "_timestamp": 1706176008.2876225, "_runtime": 19.55842638015747, "_step": 1, "_wandb": {"runtime": 16}}