{"eval/rouge-1": 21.42475, "eval/rouge-2": 4.06978, "eval/rouge-l": 14.531369999999999, "eval/bleu-4": 4.01009, "eval/runtime": 36.6754, "eval/samples_per_second": 0.273, "eval/steps_per_second": 0.082, "train/global_step": 0, "_timestamp": 1706172073.1249375, "_runtime": 51.98043441772461, "_step": 1, "_wandb": {"runtime": 48}}