{"train/loss": 2.9357, "train/learning_rate": 5.380952380952381e-05, "train/epoch": 2.71, "train/global_step": 970, "_timestamp": 1706185735.6108556, "_runtime": 9325.121164560318, "_step": 96}