{"train/loss": 3.6156, "train/learning_rate": 0.000998, "train/epoch": 0.11, "train/global_step": 10, "_timestamp": 1705657538.4995859, "_runtime": 114.53230285644531, "_step": 0}