{"train/loss": 0.0156, "train/learning_rate": 0.008733333333333333, "train/epoch": 380.0, "train/global_step": 380, "_timestamp": 1705891272.014164, "_runtime": 220.0088610649109, "_step": 37, "_wandb": {"runtime": 220}}