{"loss": 3.8965, "learning_rate": 9.95e-05, "epoch": 0, "_timestamp": 1706020320.0744872, "_runtime": 69.53428030014038, "_step": 0, "_wandb": {"runtime": 63}}