{"train/loss": 1.4527, "train/learning_rate": 0.0009933333333333333, "train/epoch": 13.0, "train/global_step": 20, "_timestamp": 1705905570.1664321, "_runtime": 40.95226812362671, "_step": 1}