{"eval/rouge-1": 31.981550000000006, "eval/rouge-2": 15.403065000000002, "eval/rouge-l": 26.344164999999997, "eval/bleu-4": 13.241035, "eval/runtime": 71.0472, "eval/samples_per_second": 0.282, "eval/steps_per_second": 0.07, "train/global_step": 0, "_timestamp": 1706971828.9129605, "_runtime": 137.35469555854797, "_step": 3, "predict_generations": {"_type": "table-file", "sha256": "e29fe1d1f2f3c59872a21c1454998fa4ca2a1a246f501bec75597aa3ef488d88", "size": 26842, "artifact_path": "wandb-client-artifact://nphdgt8gm4atdtz3oouuvp7r28vm0vpvl30n6wxb4r4colhh1mn4e0591y8ip7xmo4tvwbtj68t7q39ewb8rcls6gcz97gpumxs9et6a726vuqfgfxre84nvg4x3mzo2:latest/predict_generations.table.json", "_latest_artifact_path": "wandb-client-artifact://nphdgt8gm4atdtz3oouuvp7r28vm0vpvl30n6wxb4r4colhh1mn4e0591y8ip7xmo4tvwbtj68t7q39ewb8rcls6gcz97gpumxs9et6a726vuqfgfxre84nvg4x3mzo2:latest/predict_generations.table.json", "path": "media/table/predict_generations_3_e29fe1d1f2f3c59872a2.table.json", "ncols": 3, "nrows": 10}, "_wandb": {"runtime": 134}}