{"train/loss": 2.9194, "train/learning_rate": 0.0, "train/epoch": 5.87, "train/global_step": 2100, "_timestamp": 1706086957.9992454, "_runtime": 10710.11089849472, "_step": 213, "train/train_runtime": 9503.7392, "train/train_samples_per_second": 3.535, "train/train_steps_per_second": 0.221, "train/total_flos": 3.868819110808781e+17, "train/train_loss": 2.806431107293992, "train_runtime": 9503.7392, "train_samples_per_second": 3.535, "train_steps_per_second": 0.221, "train_loss": 2.806431107293992, "epoch": 5.87, "train_samples": 5725, "eval/rouge-1": 20.33305143769968, "eval/rouge-2": 4.549973482428116, "eval/rouge-l": 9.929752715654953, "eval/bleu-4": 3.3355210862619806, "eval/runtime": 1185.2071, "eval/samples_per_second": 0.266, "eval/steps_per_second": 0.067, "_wandb": {"runtime": 10704}}