{"train/train_runtime": 1.8991, "train/train_samples_per_second": 16.85, "train/train_steps_per_second": 1.053, "train/total_flos": 46057371205632.0, "train/train_loss": 0.51702880859375, "train/epoch": 2.0, "train/global_step": 2, "_timestamp": 1705891334.48056, "_runtime": 7.519180059432983, "_step": 0, "_wandb": {"runtime": 3}}